1,Bulbasaur,1,Normal,Grass,0.7,6.9,Overgrow,318,45,49,49,65,65,45
2,Ivysaur,1,Normal,Grass,1.0,13.0,Overgrow,405,60,62,63,80,80,60
3,Venusaur,1,Normal,Grass,2.0,100.0,Overgrow,525,80,82,83,100,100,80
4,Charmander,1,Normal,Fire,0.6,8.5,Blaze,309,39,52,43,60,50,65
5,Charmeleon,1,Normal,Fire,1.1,19.0,Blaze,405,58,64,58,80,65,80
6,Charizard,1,Normal,Fire,1.7,90.5,Blaze,534,78,84,78,109,85,100
7,Squirtle,1,Normal,Water,0.5,9.0,Torrent,314,44,48,65,50,64,43
8,Wartortle,1,Normal,Water,1.0,22.5,Torrent,405,59,63,80,65,80,58
9,Blastoise,1,Normal,Water,1.6,85.5,Torrent,530,79,83,100,85,105,78
10,Caterpie,1,Normal,Bug,0.3,2.9,Shield Dust,195,45,30,35,20,20,45
11,Metapod,1,Normal,Bug,0.7,9.9,Shed Skin,205,50,20,55,25,25,30
12,Butterfree,1,Normal,Bug,1.1,32.0,Compound Eyes,395,60,45,50,90,80,70
13,Weedle,1,Normal,Bug,0.3,3.2,Shield Dust,195,40,35,30,20,20,50
14,Kakuna,1,Normal,Bug,0.6,10.0,Shed Skin,205,45,25,50,25,25,35
15,Beedrill,1,Normal,Bug,1.0,29.5,Swarm,395,65,90,40,45,80,75
16,Pidgey,1,Normal,Normal,0.3,1.8,Keen Eye,251,40,45,40,35,35,56
17,Pidgeotto,1,Normal,Normal,1.1,30.0,Keen Eye,349,63,60,55,50,50,71
18,Pidgeot,1,Normal,Normal,1.5,39.5,Keen Eye,479,83,80,75,70,70,101
19,Rattata,1,Normal,Normal,0.3,3.5,Run Away,253,30,56,35,25,35,72
20,Raticate,1,Normal,Normal,0.7,18.5,Run Away,413,55,81,60,50,70,97
21,Spearow,1,Normal,Normal,0.3,2.0,Keen Eye,262,40,60,30,31,31,70
22,Fearow,1,Normal,Normal,1.2,38.0,Keen Eye,442,65,90,65,61,61,100
23,Ekans,1,Normal,Poison,2.0,6.9,Intimidate,288,35,60,44,40,54,55
24,Arbok,1,Normal,Poison,3.5,65.0,Intimidate,448,60,95,69,65,79,80
25,Pikachu,1,Normal,Electric,0.4,6.0,Static,320,35,55,40,50,50,90
26,Raichu,1,Normal,Electric,0.8,30.0,Static,485,60,90,55,90,80,110
27,Sandshrew,1,Normal,Ground,0.6,12.0,Sand Veil,300,50,75,85,20,30,40
28,Sandslash,1,Normal,Ground,1.0,29.5,Sand Veil,450,75,100,110,45,55,65
29,Nidoran♀,1,Normal,Poison,0.4,7.0,Poison Point,275,55,47,52,40,40,41
30,Nidorina,1,Normal,Poison,0.8,20.0,Poison Point,365,70,62,67,55,55,56
31,Nidoqueen,1,Normal,Poison,1.3,60.0,Poison Point,505,90,92,87,75,85,76
32,Nidoran♂,1,Normal,Poison,0.5,9.0,Poison Point,273,46,57,40,40,40,50
33,Nidorino,1,Normal,Poison,0.9,19.5,Poison Point,365,61,72,57,55,55,65
34,Nidoking,1,Normal,Poison,1.4,62.0,Poison Point,505,81,102,77,85,75,85
35,Clefairy,1,Normal,Fairy,0.6,7.5,Cute Charm,323,70,45,48,60,65,35
36,Clefable,1,Normal,Fairy,1.3,40.0,Cute Charm,483,95,70,73,95,90,60
37,Vulpix,1,Normal,Fire,0.6,9.9,Flash Fire,299,38,41,40,50,65,65
38,Ninetales,1,Normal,Fire,1.1,19.9,Flash Fire,505,73,76,75,81,100,100
39,Jigglypuff,1,Normal,Normal,0.5,5.5,Cute Charm,270,115,45,20,45,25,20
40,Wigglytuff,1,Normal,Normal,1.0,12.0,Cute Charm,435,140,70,45,85,50,45
41,Zubat,1,Normal,Poison,0.8,7.5,Inner Focus,245,40,45,35,30,40,55
42,Golbat,1,Normal,Poison,1.6,55.0,Inner Focus,455,75,80,70,65,75,90
43,Oddish,1,Normal,Grass,0.5,5.4,Chlorophyll,320,45,50,55,75,65,30
44,Gloom,1,Normal,Grass,0.8,8.6,Chlorophyll,395,60,65,70,85,75,40
45,Vileplume,1,Normal,Grass,1.2,18.6,Chlorophyll,490,75,80,85,110,90,50
46,Paras,1,Normal,Bug,0.3,5.4,Effect Spore,285,35,70,55,45,55,25
47,Parasect,1,Normal,Bug,1.0,29.5,Effect Spore,405,60,95,80,60,80,30
48,Venonat,1,Normal,Bug,1.0,30.0,Compound Eyes,305,60,55,50,40,55,45
49,Venomoth,1,Normal,Bug,1.5,12.5,Shield Dust,450,70,65,60,90,75,90
50,Diglett,1,Normal,Ground,0.2,0.8,Sand Veil,265,10,55,25,35,45,95
51,Dugtrio,1,Normal,Ground,0.7,33.3,Sand Veil,425,35,100,50,50,70,120
52,Meowth,1,Normal,Normal,0.4,4.2,Pickup,290,40,45,35,40,40,90
53,Persian,1,Normal,Normal,1.0,32.0,Limber,440,65,70,60,65,65,115
54,Psyduck,1,Normal,Water,0.8,19.6,Damp,320,50,52,48,65,50,55
55,Golduck,1,Normal,Water,1.7,76.6,Damp,500,80,82,78,95,80,85
56,Mankey,1,Normal,Fighting,0.5,28.0,Vital Spirit,305,40,80,35,35,45,70
57,Primeape,1,Normal,Fighting,1.0,32.0,Vital Spirit,455,65,105,60,60,70,95
58,Growlithe,1,Normal,Fire,0.7,19.0,Intimidate,350,55,70,45,70,50,60
59,Arcanine,1,Normal,Fire,1.9,155.0,Intimidate,555,90,110,80,100,80,95
60,Poliwag,1,Normal,Water,0.6,12.4,Water Absorb,300,40,50,40,40,40,90
61,Poliwhirl,1,Normal,Water,1.0,20.0,Water Absorb,385,65,65,65,50,50,90
62,Poliwrath,1,Normal,Water,1.3,54.0,Water Absorb,510,90,95,95,70,90,70
63,Abra,1,Normal,Psychic,0.9,19.5,Synchronize,310,25,20,15,105,55,90
64,Kadabra,1,Normal,Psychic,1.3,56.5,Synchronize,400,40,35,30,120,70,105
65,Alakazam,1,Normal,Psychic,1.5,48.0,Synchronize,500,55,50,45,135,95,120
66,Machop,1,Normal,Fighting,0.8,19.5,Guts,305,70,80,50,35,35,35
67,Machoke,1,Normal,Fighting,1.5,70.5,Guts,405,80,100,70,50,60,45
68,Machamp,1,Normal,Fighting,1.6,130.0,Guts,505,90,130,80,65,85,55
69,Bellsprout,1,Normal,Grass,0.7,4.0,Chlorophyll,300,50,75,35,70,30,40
70,Weepinbell,1,Normal,Grass,1.0,6.4,Chlorophyll,390,65,90,50,85,45,55
71,Victreebel,1,Normal,Grass,1.7,15.5,Chlorophyll,490,80,105,65,100,70,70
72,Tentacool,1,Normal,Water,0.9,45.5,Clear Body,335,40,40,35,50,100,70
73,Tentacruel,1,Normal,Water,1.6,55.0,Clear Body,515,80,70,65,80,120,100
74,Geodude,1,Normal,Rock,0.4,20.0,Rock Head,300,40,80,100,30,30,20
75,Graveler,1,Normal,Rock,1.0,105.0,Rock Head,390,55,95,115,45,45,35
76,Golem,1,Normal,Rock,1.4,300.0,Rock Head,495,80,120,130,55,65,45
77,Ponyta,1,Normal,Fire,1.0,30.0,Run Away,410,50,85,55,65,65,90
78,Rapidash,1,Normal,Fire,1.7,95.0,Run Away,500,65,100,70,80,80,105
79,Slowpoke,1,Normal,Water,1.2,36.0,Oblivious,315,90,65,65,40,40,15
80,Slowbro,1,Normal,Water,1.6,78.5,Oblivious,490,95,75,110,100,80,30
81,Magnemite,1,Normal,Electric,0.3,6.0,Magnet Pull,325,25,35,70,95,55,45
82,Magneton,1,Normal,Electric,1.0,60.0,Magnet Pull,465,50,60,95,120,70,70
83,Farfetch'd,1,Normal,Normal,0.8,15.0,Keen Eye,377,52,90,55,58,62,60
84,Doduo,1,Normal,Normal,1.4,39.2,Run Away,310,35,85,45,35,35,75
85,Dodrio,1,Normal,Normal,1.8,85.2,Run Away,470,60,110,70,60,60,110
86,Seel,1,Normal,Water,1.1,90.0,Thick Fat,325,65,45,55,45,70,45
87,Dewgong,1,Normal,Water,1.7,120.0,Thick Fat,475,90,70,80,70,95,70
88,Grimer,1,Normal,Poison,0.9,30.0,Stench,325,80,80,50,40,50,25
89,Muk,1,Normal,Poison,1.2,30.0,Stench,500,105,105,75,65,100,50
90,Shellder,1,Normal,Water,0.3,4.0,Shell Armor,305,30,65,100,45,25,40
91,Cloyster,1,Normal,Water,1.5,132.5,Shell Armor,525,50,95,180,85,45,70
92,Gastly,1,Normal,Ghost,1.3,0.1,Levitate,310,30,35,30,100,35,80
93,Haunter,1,Normal,Ghost,1.6,0.1,Levitate,405,45,50,45,115,55,95
94,Gengar,1,Normal,Ghost,1.5,40.5,Cursed Body,500,60,65,60,130,75,110
95,Onix,1,Normal,Rock,8.8,210.0,Rock Head,385,35,45,160,30,45,70
96,Drowzee,1,Normal,Psychic,1.0,32.4,Insomnia,328,60,48,45,43,90,42
97,Hypno,1,Normal,Psychic,1.6,75.6,Insomnia,483,85,73,70,73,115,67
98,Krabby,1,Normal,Water,0.4,6.5,Hyper Cutter,325,30,105,90,25,25,50
99,Kingler,1,Normal,Water,1.3,60.0,Hyper Cutter,475,55,130,115,50,50,75
100,Voltorb,1,Normal,Electric,0.5,10.4,Soundproof,330,40,30,50,55,55,100
101,Electrode,1,Normal,Electric,1.2,66.6,Soundproof,490,60,50,70,80,80,150
102,Exeggcute,1,Normal,Grass,0.4,2.5,Chlorophyll,325,60,40,80,60,45,40
103,Exeggutor,1,Normal,Grass,2.0,120.0,Chlorophyll,530,95,95,85,125,75,55
104,Cubone,1,Normal,Ground,0.4,6.5,Rock Head,320,50,50,95,40,50,35
105,Marowak,1,Normal,Ground,1.0,45.0,Rock Head,425,60,80,110,50,80,45
106,Hitmonlee,1,Normal,Fighting,1.5,49.8,Limber,455,50,120,53,35,110,87
107,Hitmonchan,1,Normal,Fighting,1.4,50.2,Keen Eye,455,50,105,79,35,110,76
108,Lickitung,1,Normal,Normal,1.2,65.5,Own Tempo,385,90,55,75,60,75,30
109,Koffing,1,Normal,Poison,0.6,1.0,Levitate,340,40,65,95,60,45,35
110,Weezing,1,Normal,Poison,1.2,9.5,Levitate,490,65,90,120,85,70,60
111,Rhyhorn,1,Normal,Ground,1.0,115.0,Lightning Rod,345,80,85,95,30,30,25
112,Rhydon,1,Normal,Ground,1.9,120.0,Lightning Rod,485,105,130,120,45,45,40
113,Chansey,1,Normal,Normal,1.1,34.6,Natural Cure,450,250,5,5,35,105,50
114,Tangela,1,Normal,Grass,1.0,35.0,Chlorophyll,435,65,55,115,100,40,60
115,Kangaskhan,1,Normal,Normal,2.2,80.0,Early Bird,490,105,95,80,40,80,90
116,Horsea,1,Normal,Water,0.4,8.0,Swift Swim,295,30,40,70,70,25,60
117,Seadra,1,Normal,Water,1.2,25.0,Poison Point,440,55,65,95,95,45,85
118,Goldeen,1,Normal,Water,0.6,15.0,Swift Swim,320,45,67,60,35,50,63
119,Seaking,1,Normal,Water,1.3,39.0,Swift Swim,450,80,92,65,65,80,68
120,Staryu,1,Normal,Water,0.8,34.5,Illuminate,340,30,45,55,70,55,85
121,Starmie,1,Normal,Water,1.1,80.0,Illuminate,520,60,75,85,100,85,115
122,Mr. Mime,1,Normal,Psychic,1.3,54.5,Soundproof,460,40,45,65,100,120,90
123,Scyther,1,Normal,Bug,1.5,56.0,Swarm,500,70,110,80,55,80,105
124,Jynx,1,Normal,Ice,1.4,40.6,Oblivious,455,65,50,35,115,95,95
125,Electabuzz,1,Normal,Electric,1.1,30.0,Static,490,65,83,57,95,85,105
126,Magmar,1,Normal,Fire,1.3,44.5,Flame Body,495,65,95,57,100,85,93
127,Pinsir,1,Normal,Bug,1.5,55.0,Hyper Cutter,500,65,125,100,55,70,85
128,Tauros,1,Normal,Normal,1.4,88.4,Intimidate,490,75,100,95,40,70,110
129,Magikarp,1,Normal,Water,0.9,10.0,Swift Swim,200,20,10,55,15,20,80
130,Gyarados,1,Normal,Water,6.5,235.0,Intimidate,540,95,125,79,60,100,81
131,Lapras,1,Normal,Water,2.5,220.0,Water Absorb,535,130,85,80,85,95,60
132,Ditto,1,Normal,Normal,0.3,4.0,Limber,288,48,48,48,48,48,48
133,Eevee,1,Normal,Normal,0.3,6.5,Run Away,325,55,55,50,45,65,55
134,Vaporeon,1,Normal,Water,1.0,29.0,Water Absorb,525,130,65,60,110,95,65
135,Jolteon,1,Normal,Electric,0.8,24.5,Volt Absorb,525,65,65,60,110,95,130
136,Flareon,1,Normal,Fire,0.9,25.0,Flash Fire,525,65,130,60,95,110,65
137,Porygon,1,Normal,Normal,0.8,36.5,Trace,395,65,60,70,85,75,40
138,Omanyte,1,Normal,Rock,0.4,7.5,Swift Swim,355,35,40,100,90,55,35
139,Omastar,1,Normal,Rock,1.0,35.0,Swift Swim,495,70,60,125,115,70,55
140,Kabuto,1,Normal,Rock,0.5,11.5,Swift Swim,355,30,80,90,55,45,55
141,Kabutops,1,Normal,Rock,1.3,40.5,Swift Swim,495,60,115,105,65,70,80
142,Aerodactyl,1,Normal,Rock,1.8,59.0,Rock Head,515,80,105,65,60,75,130
143,Snorlax,1,Normal,Normal,2.1,460.0,Immunity,540,160,110,65,65,110,30
144,Articuno,1,Sub Legendary,Ice,1.7,55.4,Pressure,580,90,85,100,95,125,85
145,Zapdos,1,Sub Legendary,Electric,1.6,52.6,Pressure,580,90,90,85,125,90,100
146,Moltres,1,Sub Legendary,Fire,2.0,60.0,Pressure,580,90,100,90,125,85,90
147,Dratini,1,Normal,Dragon,1.8,3.3,Shed Skin,300,41,64,45,50,50,50
148,Dragonair,1,Normal,Dragon,4.0,16.5,Shed Skin,420,61,84,65,70,70,70
149,Dragonite,1,Normal,Dragon,2.2,210.0,Inner Focus,600,91,134,95,100,100,80
150,Mewtwo,1,Legendary,Psychic,2.0,122.0,Pressure,680,106,110,90,154,90,130
151,Mew,1,Mythical,Psychic,0.4,4.0,Synchronize,600,100,100,100,100,100,100
152,Chikorita,2,Normal,Grass,0.9,6.4,Overgrow,318,45,49,65,49,65,45
153,Bayleef,2,Normal,Grass,1.2,15.8,Overgrow,405,60,62,80,63,80,60
154,Meganium,2,Normal,Grass,1.8,100.5,Overgrow,525,80,82,100,83,100,80
155,Cyndaquil,2,Normal,Fire,0.5,7.9,Blaze,309,39,52,43,60,50,65
156,Quilava,2,Normal,Fire,0.9,19.0,Blaze,405,58,64,58,80,65,80
157,Typhlosion,2,Normal,Fire,1.7,79.5,Blaze,534,78,84,78,109,85,100
158,Totodile,2,Normal,Water,0.6,9.5,Torrent,314,50,65,64,44,48,43
159,Croconaw,2,Normal,Water,1.1,25.0,Torrent,405,65,80,80,59,63,58
160,Feraligatr,2,Normal,Water,2.3,88.8,Torrent,530,85,105,100,79,83,78
161,Sentret,2,Normal,Normal,0.8,6.0,Run Away,215,35,46,34,35,45,20
162,Furret,2,Normal,Normal,1.8,32.5,Run Away,415,85,76,64,45,55,90
163,Hoothoot,2,Normal,Normal,0.7,21.2,Insomnia,262,60,30,30,36,56,50
164,Noctowl,2,Normal,Normal,1.6,40.8,Insomnia,452,100,50,50,86,96,70
165,Ledyba,2,Normal,Bug,1.0,10.8,Swarm,265,40,20,30,40,80,55
166,Ledian,2,Normal,Bug,1.4,35.6,Swarm,390,55,35,50,55,110,85
167,Spinarak,2,Normal,Bug,0.5,8.5,Swarm,250,40,60,40,40,40,30
168,Ariados,2,Normal,Bug,1.1,33.5,Swarm,400,70,90,70,60,70,40
169,Crobat,2,Normal,Poison,1.8,75.0,Inner Focus,535,85,90,80,70,80,130
170,Chinchou,2,Normal,Water,0.5,12.0,Volt Absorb,330,75,38,38,56,56,67
171,Lanturn,2,Normal,Water,1.2,22.5,Volt Absorb,460,125,58,58,76,76,67
172,Pichu,2,Normal,Electric,0.3,2.0,Static,205,20,40,15,35,35,60
173,Cleffa,2,Normal,Fairy,0.3,3.0,Cute Charm,218,50,25,28,45,55,15
174,Igglybuff,2,Normal,Normal,0.3,1.0,Cute Charm,210,90,30,15,40,20,15
175,Togepi,2,Normal,Fairy,0.3,1.5,Hustle,245,35,20,65,40,65,20
176,Togetic,2,Normal,Fairy,0.6,3.2,Hustle,405,55,40,85,80,105,40
177,Natu,2,Normal,Psychic,0.2,2.0,Synchronize,320,40,50,45,70,45,70
178,Xatu,2,Normal,Psychic,1.5,15.0,Synchronize,470,65,75,70,95,70,95
179,Mareep,2,Normal,Electric,0.6,7.8,Static,280,55,40,40,65,45,35
180,Flaaffy,2,Normal,Electric,0.8,13.3,Static,365,70,55,55,80,60,45
181,Ampharos,2,Normal,Electric,1.4,61.5,Static,510,90,75,85,115,90,55
182,Bellossom,2,Normal,Grass,0.4,5.8,Chlorophyll,490,75,80,95,90,100,50
183,Marill,2,Normal,Water,0.4,8.5,Thick Fat,250,70,20,50,20,50,40
184,Azumarill,2,Normal,Water,0.8,28.5,Thick Fat,420,100,50,80,60,80,50
185,Sudowoodo,2,Normal,Rock,1.2,38.0,Sturdy,410,70,100,115,30,65,30
186,Politoed,2,Normal,Water,1.1,33.9,Water Absorb,500,90,75,75,90,100,70
187,Hoppip,2,Normal,Grass,0.4,0.5,Chlorophyll,250,35,35,40,35,55,50
188,Skiploom,2,Normal,Grass,0.6,1.0,Chlorophyll,340,55,45,50,45,65,80
189,Jumpluff,2,Normal,Grass,0.8,3.0,Chlorophyll,460,75,55,70,55,95,110
190,Aipom,2,Normal,Normal,0.8,11.5,Run Away,360,55,70,55,40,55,85
191,Sunkern,2,Normal,Grass,0.3,1.8,Chlorophyll,180,30,30,30,30,30,30
192,Sunflora,2,Normal,Grass,0.8,8.5,Chlorophyll,425,75,75,55,105,85,30
193,Yanma,2,Normal,Bug,1.2,38.0,Speed Boost,390,65,65,45,75,45,95
194,Wooper,2,Normal,Water,0.4,8.5,Damp,210,55,45,45,25,25,15
195,Quagsire,2,Normal,Water,1.4,75.0,Damp,430,95,85,85,65,65,35
196,Espeon,2,Normal,Psychic,0.9,26.5,Synchronize,525,65,65,60,130,95,110
197,Umbreon,2,Normal,Dark,1.0,27.0,Synchronize,525,95,65,110,60,130,65
198,Murkrow,2,Normal,Dark,0.5,2.1,Insomnia,405,60,85,42,85,42,91
199,Slowking,2,Normal,Water,2.0,79.5,Oblivious,490,95,75,80,100,110,30
200,Misdreavus,2,Normal,Ghost,0.7,1.0,Levitate,435,60,60,60,85,85,85
201,Unown,2,Normal,Psychic,0.5,5.0,Levitate,336,48,72,48,72,48,48
202,Wobbuffet,2,Normal,Psychic,1.3,28.5,Shadow Tag,405,190,33,58,33,58,33
203,Girafarig,2,Normal,Normal,1.5,41.5,Inner Focus,455,70,80,65,90,65,85
204,Pineco,2,Normal,Bug,0.6,7.2,Sturdy,290,50,65,90,35,35,15
205,Forretress,2,Normal,Bug,1.2,125.8,Sturdy,465,75,90,140,60,60,40
206,Dunsparce,2,Normal,Normal,1.5,14.0,Serene Grace,415,100,70,70,65,65,45
207,Gligar,2,Normal,Ground,1.1,64.8,Hyper Cutter,430,65,75,105,35,65,85
208,Steelix,2,Normal,Steel,9.2,400.0,Rock Head,510,75,85,200,55,65,30
209,Snubbull,2,Normal,Fairy,0.6,7.8,Intimidate,300,60,80,50,40,40,30
210,Granbull,2,Normal,Fairy,1.4,48.7,Intimidate,450,90,120,75,60,60,45
211,Qwilfish,2,Normal,Water,0.5,3.9,Poison Point,440,65,95,85,55,55,85
212,Scizor,2,Normal,Bug,1.8,118.0,Swarm,500,70,130,100,55,80,65
213,Shuckle,2,Normal,Bug,0.6,20.5,Sturdy,505,20,10,230,10,230,5
214,Heracross,2,Normal,Bug,1.5,54.0,Swarm,500,80,125,75,40,95,85
215,Sneasel,2,Normal,Dark,0.9,28.0,Inner Focus,430,55,95,55,35,75,115
216,Teddiursa,2,Normal,Normal,0.6,8.8,Pickup,330,60,80,50,50,50,40
217,Ursaring,2,Normal,Normal,1.8,125.8,Guts,500,90,130,75,75,75,55
218,Slugma,2,Normal,Fire,0.7,35.0,Magma Armor,250,40,40,40,70,40,20
219,Magcargo,2,Normal,Fire,0.8,55.0,Magma Armor,430,60,50,120,90,80,30
220,Swinub,2,Normal,Ice,0.4,6.5,Oblivious,250,50,50,40,30,30,50
221,Piloswine,2,Normal,Ice,1.1,55.8,Oblivious,450,100,100,80,60,60,50
222,Corsola,2,Normal,Water,0.6,5.0,Hustle,410,65,55,95,65,95,35
223,Remoraid,2,Normal,Water,0.6,12.0,Hustle,300,35,65,35,65,35,65
224,Octillery,2,Normal,Water,0.9,28.5,Suction Cups,480,75,105,75,105,75,45
225,Delibird,2,Normal,Ice,0.9,16.0,Vital Spirit,330,45,55,45,65,45,75
226,Mantine,2,Normal,Water,2.1,220.0,Swift Swim,485,85,40,70,80,140,70
227,Skarmory,2,Normal,Steel,1.7,50.5,Keen Eye,465,65,80,140,40,70,70
228,Houndour,2,Normal,Dark,0.6,10.8,Early Bird,330,45,60,30,80,50,65
229,Houndoom,2,Normal,Dark,1.4,35.0,Early Bird,500,75,90,50,110,80,95
230,Kingdra,2,Normal,Water,1.8,152.0,Swift Swim,540,75,95,95,95,95,85
231,Phanpy,2,Normal,Ground,0.5,33.5,Pickup,330,90,60,60,40,40,40
232,Donphan,2,Normal,Ground,1.1,120.0,Sturdy,500,90,120,120,60,60,50
233,Porygon2,2,Normal,Normal,0.6,32.5,Trace,515,85,80,90,105,95,60
234,Stantler,2,Normal,Normal,1.4,71.2,Intimidate,465,73,95,62,85,65,85
235,Smeargle,2,Normal,Normal,1.2,58.0,Own Tempo,250,55,20,35,20,45,75
236,Tyrogue,2,Normal,Fighting,0.7,21.0,Guts,210,35,35,35,35,35,35
237,Hitmontop,2,Normal,Fighting,1.4,48.0,Intimidate,455,50,95,95,35,110,70
238,Smoochum,2,Normal,Ice,0.4,6.0,Oblivious,305,45,30,15,85,65,65
239,Elekid,2,Normal,Electric,0.6,23.5,Static,360,45,63,37,65,55,95
240,Magby,2,Normal,Fire,0.7,21.4,Flame Body,365,45,75,37,70,55,83
241,Miltank,2,Normal,Normal,1.2,75.5,Thick Fat,490,95,80,105,40,70,100
242,Blissey,2,Normal,Normal,1.5,46.8,Natural Cure,540,255,10,10,75,135,55
243,Raikou,2,Sub Legendary,Electric,1.9,178.0,Pressure,580,90,85,75,115,100,115
244,Entei,2,Sub Legendary,Fire,2.1,198.0,Pressure,580,115,115,85,90,75,100
245,Suicune,2,Sub Legendary,Water,2.0,187.0,Pressure,580,100,75,115,90,115,85
246,Larvitar,2,Normal,Rock,0.6,72.0,Guts,300,50,64,50,45,50,41
247,Pupitar,2,Normal,Rock,1.2,152.0,Shed Skin,410,70,84,70,65,70,51
248,Tyranitar,2,Normal,Rock,2.0,202.0,Sand Stream,600,100,134,110,95,100,61
249,Lugia,2,Legendary,Psychic,5.2,216.0,Pressure,680,106,90,130,90,154,110
250,Ho-oh,2,Legendary,Fire,3.8,199.0,Pressure,680,106,130,90,110,154,90
251,Celebi,2,Mythical,Psychic,0.6,5.0,Natural Cure,600,100,100,100,100,100,100
252,Treecko,3,Normal,Grass,0.5,5.0,Overgrow,310,40,45,35,65,55,70
253,Grovyle,3,Normal,Grass,0.9,21.6,Overgrow,405,50,65,45,85,65,95
254,Sceptile,3,Normal,Grass,1.7,52.2,Overgrow,530,70,85,65,105,85,120
255,Torchic,3,Normal,Fire,0.4,2.5,Blaze,310,45,60,40,70,50,45
256,Combusken,3,Normal,Fire,0.9,19.5,Blaze,405,60,85,60,85,60,55
257,Blaziken,3,Normal,Fire,1.9,52.0,Blaze,530,80,120,70,110,70,80
258,Mudkip,3,Normal,Water,0.4,7.6,Torrent,310,50,70,50,50,50,40
259,Marshtomp,3,Normal,Water,0.7,28.0,Torrent,405,70,85,70,60,70,50
260,Swampert,3,Normal,Water,1.5,81.9,Torrent,535,100,110,90,85,90,60
261,Poochyena,3,Normal,Dark,0.5,13.6,Run Away,220,35,55,35,30,30,35
262,Mightyena,3,Normal,Dark,1.0,37.0,Intimidate,420,70,90,70,60,60,70
263,Zigzagoon,3,Normal,Normal,0.4,17.5,Pickup,240,38,30,41,30,41,60
264,Linoone,3,Normal,Normal,0.5,32.5,Pickup,420,78,70,61,50,61,100
265,Wurmple,3,Normal,Bug,0.3,3.6,Shield Dust,195,45,45,35,20,30,20
266,Silcoon,3,Normal,Bug,0.6,10.0,Shed Skin,205,50,35,55,25,25,15
267,Beautifly,3,Normal,Bug,1.0,28.4,Swarm,395,60,70,50,100,50,65
268,Cascoon,3,Normal,Bug,0.7,11.5,Shed Skin,205,50,35,55,25,25,15
269,Dustox,3,Normal,Bug,1.2,31.6,Shield Dust,385,60,50,70,50,90,65
270,Lotad,3,Normal,Water,0.5,2.6,Swift Swim,220,40,30,30,40,50,30
271,Lombre,3,Normal,Water,1.2,32.5,Swift Swim,340,60,50,50,60,70,50
272,Ludicolo,3,Normal,Water,1.5,55.0,Swift Swim,480,80,70,70,90,100,70
273,Seedot,3,Normal,Grass,0.5,4.0,Chlorophyll,220,40,40,50,30,30,30
274,Nuzleaf,3,Normal,Grass,1.0,28.0,Chlorophyll,340,70,70,40,60,40,60
275,Shiftry,3,Normal,Grass,1.3,59.6,Chlorophyll,480,90,100,60,90,60,80
276,Taillow,3,Normal,Normal,0.3,2.3,Guts,270,40,55,30,30,30,85
277,Swellow,3,Normal,Normal,0.7,19.8,Guts,455,60,85,60,75,50,125
278,Wingull,3,Normal,Water,0.6,9.5,Keen Eye,270,40,30,30,55,30,85
279,Pelipper,3,Normal,Water,1.2,28.0,Keen Eye,440,60,50,100,95,70,65
280,Ralts,3,Normal,Psychic,0.4,6.6,Synchronize,198,28,25,25,45,35,40
281,Kirlia,3,Normal,Psychic,0.8,20.2,Synchronize,278,38,35,35,65,55,50
282,Gardevoir,3,Normal,Psychic,1.6,48.4,Synchronize,518,68,65,65,125,115,80
283,Surskit,3,Normal,Bug,0.5,1.7,Swift Swim,269,40,30,32,50,52,65
284,Masquerain,3,Normal,Bug,0.8,3.6,Intimidate,454,70,60,62,100,82,80
285,Shroomish,3,Normal,Grass,0.4,4.5,Effect Spore,295,60,40,60,40,60,35
286,Breloom,3,Normal,Grass,1.2,39.2,Effect Spore,460,60,130,80,60,60,70
287,Slakoth,3,Normal,Normal,0.8,24.0,Truant,280,60,60,60,35,35,30
288,Vigoroth,3,Normal,Normal,1.4,46.5,Vital Spirit,440,80,80,80,55,55,90
289,Slaking,3,Normal,Normal,2.0,130.5,Truant,670,150,160,100,95,65,100
290,Nincada,3,Normal,Bug,0.5,5.5,Compound Eyes,266,31,45,90,30,30,40
291,Ninjask,3,Normal,Bug,0.8,12.0,Speed Boost,456,61,90,45,50,50,160
292,Shedinja,3,Normal,Bug,0.8,1.2,Wonder Guard,236,1,90,45,30,30,40
293,Whismur,3,Normal,Normal,0.6,16.3,Soundproof,240,64,51,23,51,23,28
294,Loudred,3,Normal,Normal,1.0,40.5,Soundproof,360,84,71,43,71,43,48
295,Exploud,3,Normal,Normal,1.5,84.0,Soundproof,490,104,91,63,91,73,68
296,Makuhita,3,Normal,Fighting,1.0,86.4,Thick Fat,237,72,60,30,20,30,25
297,Hariyama,3,Normal,Fighting,2.3,253.8,Thick Fat,474,144,120,60,40,60,50
298,Azurill,3,Normal,Normal,0.2,2.0,Thick Fat,190,50,20,40,20,40,20
299,Nosepass,3,Normal,Rock,1.0,97.0,Sturdy,375,30,45,135,45,90,30
300,Skitty,3,Normal,Normal,0.6,11.0,Cute Charm,260,50,45,45,35,35,50
301,Delcatty,3,Normal,Normal,1.1,32.6,Cute Charm,400,70,65,65,55,55,90
302,Sableye,3,Normal,Dark,0.5,11.0,Keen Eye,380,50,75,75,65,65,50
303,Mawile,3,Normal,Steel,0.6,11.5,Hyper Cutter,380,50,85,85,55,55,50
304,Aron,3,Normal,Steel,0.4,60.0,Sturdy,330,50,70,100,40,40,30
305,Lairon,3,Normal,Steel,0.9,120.0,Sturdy,430,60,90,140,50,50,40
306,Aggron,3,Normal,Steel,2.1,360.0,Sturdy,530,70,110,180,60,60,50
307,Meditite,3,Normal,Fighting,0.6,11.2,Pure Power,280,30,40,55,40,55,60
308,Medicham,3,Normal,Fighting,1.3,31.5,Pure Power,410,60,60,75,60,75,80
309,Electrike,3,Normal,Electric,0.6,15.2,Static,295,40,45,40,65,40,65
310,Manectric,3,Normal,Electric,1.5,40.2,Static,475,70,75,60,105,60,105
311,Plusle,3,Normal,Electric,0.4,4.2,Plus,405,60,50,40,85,75,95
312,Minun,3,Normal,Electric,0.4,4.2,Minus,405,60,40,50,75,85,95
313,Volbeat,3,Normal,Bug,0.7,17.7,Illuminate,430,65,73,75,47,85,85
314,Illumise,3,Normal,Bug,0.6,17.7,Oblivious,430,65,47,75,73,85,85
315,Roselia,3,Normal,Grass,0.3,2.0,Natural Cure,400,50,60,45,100,80,65
316,Gulpin,3,Normal,Poison,0.4,10.3,Liquid Ooze,302,70,43,53,43,53,40
317,Swalot,3,Normal,Poison,1.7,80.0,Liquid Ooze,467,100,73,83,73,83,55
318,Carvanha,3,Normal,Water,0.8,20.8,Rough Skin,305,45,90,20,65,20,65
319,Sharpedo,3,Normal,Water,1.8,88.8,Rough Skin,460,70,120,40,95,40,95
320,Wailmer,3,Normal,Water,2.0,130.0,Water Veil,400,130,70,35,70,35,60
321,Wailord,3,Normal,Water,14.5,398.0,Water Veil,500,170,90,45,90,45,60
322,Numel,3,Normal,Fire,0.7,24.0,Oblivious,305,60,60,40,65,45,35
323,Camerupt,3,Normal,Fire,1.9,220.0,Magma Armor,460,70,100,70,105,75,40
324,Torkoal,3,Normal,Fire,0.5,80.4,White Smoke,470,70,85,140,85,70,20
325,Spoink,3,Normal,Psychic,0.7,30.6,Thick Fat,330,60,25,35,70,80,60
326,Grumpig,3,Normal,Psychic,0.9,71.5,Thick Fat,470,80,45,65,90,110,80
327,Spinda,3,Normal,Normal,1.1,5.0,Own Tempo,360,60,60,60,60,60,60
328,Trapinch,3,Normal,Ground,0.7,15.0,Hyper Cutter,290,45,100,45,45,45,10
329,Vibrava,3,Normal,Ground,1.1,15.3,Levitate,340,50,70,50,50,50,70
330,Flygon,3,Normal,Ground,2.0,82.0,Levitate,520,80,100,80,80,80,100
331,Cacnea,3,Normal,Grass,0.4,51.3,Sand Veil,335,50,85,40,85,40,35
332,Cacturne,3,Normal,Grass,1.3,77.4,Sand Veil,475,70,115,60,115,60,55
333,Swablu,3,Normal,Normal,0.4,1.2,Natural Cure,310,45,40,60,40,75,50
334,Altaria,3,Normal,Dragon,1.1,20.6,Natural Cure,490,75,70,90,70,105,80
335,Zangoose,3,Normal,Normal,1.3,40.3,Immunity,458,73,115,60,60,60,90
336,Seviper,3,Normal,Poison,2.7,52.5,Shed Skin,458,73,100,60,100,60,65
337,Lunatone,3,Normal,Rock,1.0,168.0,Levitate,460,90,55,65,95,85,70
338,Solrock,3,Normal,Rock,1.2,154.0,Levitate,460,90,95,85,55,65,70
339,Barboach,3,Normal,Water,0.4,1.9,Oblivious,288,50,48,43,46,41,60
340,Whiscash,3,Normal,Water,0.9,23.6,Oblivious,468,110,78,73,76,71,60
341,Corphish,3,Normal,Water,0.6,11.5,Hyper Cutter,308,43,80,65,50,35,35
342,Crawdaunt,3,Normal,Water,1.1,32.8,Hyper Cutter,468,63,120,85,90,55,55
343,Baltoy,3,Normal,Ground,0.5,21.5,Levitate,300,40,40,55,40,70,55
344,Claydol,3,Normal,Ground,1.5,108.0,Levitate,500,60,70,105,70,120,75
345,Lileep,3,Normal,Rock,1.0,23.8,Suction Cups,355,66,41,77,61,87,23
346,Cradily,3,Normal,Rock,1.5,60.4,Suction Cups,495,86,81,97,81,107,43
347,Anorith,3,Normal,Rock,0.7,12.5,Battle Armor,355,45,95,50,40,50,75
348,Armaldo,3,Normal,Rock,1.5,68.2,Battle Armor,495,75,125,100,70,80,45
349,Feebas,3,Normal,Water,0.6,7.4,Swift Swim,200,20,15,20,10,55,80
350,Milotic,3,Normal,Water,6.2,162.0,Marvel Scale,540,95,60,79,100,125,81
351,Castform,3,Normal,Normal,0.3,0.8,Forecast,420,70,70,70,70,70,70
352,Kecleon,3,Normal,Normal,1.0,22.0,Color Change,440,60,90,70,60,120,40
353,Shuppet,3,Normal,Ghost,0.6,2.3,Insomnia,295,44,75,35,63,33,45
354,Banette,3,Normal,Ghost,1.1,12.5,Insomnia,455,64,115,65,83,63,65
355,Duskull,3,Normal,Ghost,0.8,15.0,Levitate,295,20,40,90,30,90,25
356,Dusclops,3,Normal,Ghost,1.6,30.6,Pressure,455,40,70,130,60,130,25
357,Tropius,3,Normal,Grass,2.0,100.0,Chlorophyll,460,99,68,83,72,87,51
358,Chimecho,3,Normal,Psychic,0.6,1.0,Levitate,455,75,50,80,95,90,65
359,Absol,3,Normal,Dark,1.2,47.0,Pressure,465,65,130,60,75,60,75
360,Wynaut,3,Normal,Psychic,0.6,14.0,Shadow Tag,260,95,23,48,23,48,23
361,Snorunt,3,Normal,Ice,0.7,16.8,Inner Focus,300,50,50,50,50,50,50
362,Glalie,3,Normal,Ice,1.5,256.5,Inner Focus,480,80,80,80,80,80,80
363,Spheal,3,Normal,Ice,0.8,39.5,Thick Fat,290,70,40,50,55,50,25
364,Sealeo,3,Normal,Ice,1.1,87.6,Thick Fat,410,90,60,70,75,70,45
365,Walrein,3,Normal,Ice,1.4,150.6,Thick Fat,530,110,80,90,95,90,65
366,Clamperl,3,Normal,Water,0.4,52.5,Shell Armor,345,35,64,85,74,55,32
367,Huntail,3,Normal,Water,1.7,27.0,Swift Swim,485,55,104,105,94,75,52
368,Gorebyss,3,Normal,Water,1.8,22.6,Swift Swim,485,55,84,105,114,75,52
369,Relicanth,3,Normal,Water,1.0,23.4,Swift Swim,485,100,90,130,45,65,55
370,Luvdisc,3,Normal,Water,0.6,8.7,Swift Swim,330,43,30,55,40,65,97
371,Bagon,3,Normal,Dragon,0.6,42.1,Rock Head,300,45,75,60,40,30,50
372,Shelgon,3,Normal,Dragon,1.1,110.5,Rock Head,420,65,95,100,60,50,50
373,Salamence,3,Normal,Dragon,1.5,102.6,Intimidate,600,95,135,80,110,80,100
374,Beldum,3,Normal,Steel,0.6,95.2,Clear Body,300,40,55,80,35,60,30
375,Metang,3,Normal,Steel,1.2,202.5,Clear Body,420,60,75,100,55,80,50
376,Metagross,3,Normal,Steel,1.6,550.0,Clear Body,600,80,135,130,95,90,70
377,Regirock,3,Sub Legendary,Rock,1.7,230.0,Clear Body,580,80,100,200,50,100,50
378,Regice,3,Sub Legendary,Ice,1.8,175.0,Clear Body,580,80,50,100,100,200,50
379,Registeel,3,Sub Legendary,Steel,1.9,205.0,Clear Body,580,80,75,150,75,150,50
380,Latias,3,Sub Legendary,Dragon,1.4,40.0,Levitate,600,80,80,90,110,130,110
381,Latios,3,Sub Legendary,Dragon,2.0,60.0,Levitate,600,80,90,80,130,110,110
382,Kyogre,3,Legendary,Water,4.5,352.0,Drizzle,670,100,100,90,150,140,90
383,Groudon,3,Legendary,Ground,3.5,950.0,Drought,670,100,150,140,100,90,90
384,Rayquaza,3,Legendary,Dragon,7.0,206.5,Air Lock,680,105,150,90,150,90,95
385,Jirachi,3,Mythical,Steel,0.3,1.1,Serene Grace,600,100,100,100,100,100,100
386,Deoxys Normal Forme,3,Mythical,Psychic,1.7,60.8,Pressure,600,50,150,50,150,50,150
387,Turtwig,4,Normal,Grass,0.4,10.2,Overgrow,318,55,68,64,45,55,31
388,Grotle,4,Normal,Grass,1.1,97.0,Overgrow,405,75,89,85,55,65,36
389,Torterra,4,Normal,Grass,2.2,310.0,Overgrow,525,95,109,105,75,85,56
390,Chimchar,4,Normal,Fire,0.5,6.2,Blaze,309,44,58,44,58,44,61
391,Monferno,4,Normal,Fire,0.9,22.0,Blaze,405,64,78,52,78,52,81
392,Infernape,4,Normal,Fire,1.2,55.0,Blaze,534,76,104,71,104,71,108
393,Piplup,4,Normal,Water,0.4,5.2,Torrent,314,53,51,53,61,56,40
394,Prinplup,4,Normal,Water,0.8,23.0,Torrent,405,64,66,68,81,76,50
395,Empoleon,4,Normal,Water,1.7,84.5,Torrent,530,84,86,88,111,101,60
396,Starly,4,Normal,Normal,0.3,2.0,Keen Eye,245,40,55,30,30,30,60
397,Staravia,4,Normal,Normal,0.6,15.5,Intimidate,340,55,75,50,40,40,80
398,Staraptor,4,Normal,Normal,1.2,24.9,Intimidate,485,85,120,70,50,60,100
399,Bidoof,4,Normal,Normal,0.5,20.0,Simple,250,59,45,40,35,40,31
400,Bibarel,4,Normal,Normal,1.0,31.5,Simple,410,79,85,60,55,60,71
401,Kricketot,4,Normal,Bug,0.3,2.2,Shed Skin,194,37,25,41,25,41,25
402,Kricketune,4,Normal,Bug,1.0,25.5,Swarm,384,77,85,51,55,51,65
403,Shinx,4,Normal,Electric,0.5,9.5,Rivalry,263,45,65,34,40,34,45
404,Luxio,4,Normal,Electric,0.9,30.5,Rivalry,363,60,85,49,60,49,60
405,Luxray,4,Normal,Electric,1.4,42.0,Rivalry,523,80,120,79,95,79,70
406,Budew,4,Normal,Grass,0.2,1.2,Natural Cure,280,40,30,35,50,70,55
407,Roserade,4,Normal,Grass,0.9,14.5,Natural Cure,515,60,70,65,125,105,90
408,Cranidos,4,Normal,Rock,0.9,31.5,Mold Breaker,350,67,125,40,30,30,58
409,Rampardos,4,Normal,Rock,1.6,102.5,Mold Breaker,495,97,165,60,65,50,58
410,Shieldon,4,Normal,Rock,0.5,57.0,Sturdy,350,30,42,118,42,88,30
411,Bastiodon,4,Normal,Rock,1.3,149.5,Sturdy,495,60,52,168,47,138,30
412,Burmy,4,Normal,Bug,0.2,3.4,Shed Skin,224,40,29,45,29,45,36
413,Wormadam Plant Cloak,4,Normal,Bug,0.5,6.5,Anticipation,424,60,59,85,79,105,36
414,Mothim,4,Normal,Bug,0.9,23.3,Swarm,424,70,94,50,94,50,66
415,Combee,4,Normal,Bug,0.3,5.5,Honey Gather,244,30,30,42,30,42,70
416,Vespiquen,4,Normal,Bug,1.2,38.5,Pressure,474,70,80,102,80,102,40
417,Pachirisu,4,Normal,Electric,0.4,3.9,Run Away,405,60,45,70,45,90,95
418,Buizel,4,Normal,Water,0.7,29.5,Swift Swim,330,55,65,35,60,30,85
419,Floatzel,4,Normal,Water,1.1,33.5,Swift Swim,495,85,105,55,85,50,115
420,Cherubi,4,Normal,Grass,0.4,3.3,Chlorophyll,275,45,35,45,62,53,35
421,Cherrim,4,Normal,Grass,0.5,9.3,Flower Gift,450,70,60,70,87,78,85
422,Shellos,4,Normal,Water,0.3,6.3,Sticky Hold,325,76,48,48,57,62,34
423,Gastrodon,4,Normal,Water,0.9,29.9,Sticky Hold,475,111,83,68,92,82,39
424,Ambipom,4,Normal,Normal,1.2,20.3,Technician,482,75,100,66,60,66,115
425,Drifloon,4,Normal,Ghost,0.4,1.2,Aftermath,348,90,50,34,60,44,70
426,Drifblim,4,Normal,Ghost,1.2,15.0,Aftermath,498,150,80,44,90,54,80
427,Buneary,4,Normal,Normal,0.4,5.5,Run Away,350,55,66,44,44,56,85
428,Lopunny,4,Normal,Normal,1.2,33.3,Cute Charm,480,65,76,84,54,96,105
429,Mismagius,4,Normal,Ghost,0.9,4.4,Levitate,495,60,60,60,105,105,105
430,Honchkrow,4,Normal,Dark,0.9,27.3,Insomnia,505,100,125,52,105,52,71
431,Glameow,4,Normal,Normal,0.5,3.9,Limber,310,49,55,42,42,37,85
432,Purugly,4,Normal,Normal,1.0,43.8,Thick Fat,452,71,82,64,64,59,112
433,Chingling,4,Normal,Psychic,0.2,0.6,Levitate,285,45,30,50,65,50,45
434,Stunky,4,Normal,Poison,0.4,19.2,Stench,329,63,63,47,41,41,74
435,Skuntank,4,Normal,Poison,1.0,38.0,Stench,479,103,93,67,71,61,84
436,Bronzor,4,Normal,Steel,0.5,60.5,Levitate,300,57,24,86,24,86,23
437,Bronzong,4,Normal,Steel,1.3,187.0,Levitate,500,67,89,116,79,116,33
438,Bonsly,4,Normal,Rock,0.5,15.0,Sturdy,290,50,80,95,10,45,10
439,Mime Jr.,4,Normal,Psychic,0.6,13.0,Soundproof,310,20,25,45,70,90,60
440,Happiny,4,Normal,Normal,0.6,24.4,Natural Cure,220,100,5,5,15,65,30
441,Chatot,4,Normal,Normal,0.5,1.9,Keen Eye,411,76,65,45,92,42,91
442,Spiritomb,4,Normal,Ghost,1.0,108.0,Pressure,485,50,92,108,92,108,35
443,Gible,4,Normal,Dragon,0.7,20.5,Sand Veil,300,58,70,45,40,45,42
444,Gabite,4,Normal,Dragon,1.4,56.0,Sand Veil,410,68,90,65,50,55,82
445,Garchomp,4,Normal,Dragon,1.9,95.0,Sand Veil,600,108,130,95,80,85,102
446,Munchlax,4,Normal,Normal,0.6,105.0,Pickup,390,135,85,40,40,85,5
447,Riolu,4,Normal,Fighting,0.7,20.2,Steadfast,285,40,70,40,35,40,60
448,Lucario,4,Normal,Fighting,1.2,54.0,Steadfast,525,70,110,70,115,70,90
449,Hippopotas,4,Normal,Ground,0.8,49.5,Sand Stream,330,68,72,78,38,42,32
450,Hippowdon,4,Normal,Ground,2.0,300.0,Sand Stream,525,108,112,118,68,72,47
451,Skorupi,4,Normal,Poison,0.8,12.0,Battle Armor,330,40,50,90,30,55,65
452,Drapion,4,Normal,Poison,1.3,61.5,Battle Armor,500,70,90,110,60,75,95
453,Croagunk,4,Normal,Poison,0.7,23.0,Anticipation,300,48,61,40,61,40,50
454,Toxicroak,4,Normal,Poison,1.3,44.4,Anticipation,490,83,106,65,86,65,85
455,Carnivine,4,Normal,Grass,1.4,27.0,Levitate,454,74,100,72,90,72,46
456,Finneon,4,Normal,Water,0.4,7.0,Swift Swim,330,49,49,56,49,61,66
457,Lumineon,4,Normal,Water,1.2,24.0,Swift Swim,460,69,69,76,69,86,91
458,Mantyke,4,Normal,Water,1.0,65.0,Swift Swim,345,45,20,50,60,120,50
459,Snover,4,Normal,Grass,1.0,50.5,Snow Warning,334,60,62,50,62,60,40
460,Abomasnow,4,Normal,Grass,2.2,135.5,Snow Warning,494,90,92,75,92,85,60
461,Weavile,4,Normal,Dark,1.1,34.0,Pressure,510,70,120,65,45,85,125
462,Magnezone,4,Normal,Electric,1.2,180.0,Magnet Pull,535,70,70,115,130,90,60
463,Lickilicky,4,Normal,Normal,1.7,140.0,Own Tempo,515,110,85,95,80,95,50
464,Rhyperior,4,Normal,Ground,2.4,282.8,Lightning Rod,535,115,140,130,55,55,40
465,Tangrowth,4,Normal,Grass,2.0,128.6,Chlorophyll,535,100,100,125,110,50,50
466,Electivire,4,Normal,Electric,1.8,138.6,Motor Drive,540,75,123,67,95,85,95
467,Magmortar,4,Normal,Fire,1.6,68.0,Flame Body,540,75,95,67,125,95,83
468,Togekiss,4,Normal,Fairy,1.5,38.0,Hustle,545,85,50,95,120,115,80
469,Yanmega,4,Normal,Bug,1.9,51.5,Speed Boost,515,86,76,86,116,56,95
470,Leafeon,4,Normal,Grass,1.0,25.5,Leaf Guard,525,65,110,130,60,65,95
471,Glaceon,4,Normal,Ice,0.8,25.9,Snow Cloak,525,65,60,110,130,95,65
472,Gliscor,4,Normal,Ground,2.0,42.5,Hyper Cutter,510,75,95,125,45,75,95
473,Mamoswine,4,Normal,Ice,2.5,291.0,Oblivious,530,110,130,80,70,60,80
474,Porygon-Z,4,Normal,Normal,0.9,34.0,Adaptability,535,85,80,70,135,75,90
475,Gallade,4,Normal,Psychic,1.6,52.0,Steadfast,518,68,125,65,65,115,80
476,Probopass,4,Normal,Rock,1.4,340.0,Sturdy,525,60,55,145,75,150,40
477,Dusknoir,4,Normal,Ghost,2.2,106.6,Pressure,525,45,100,135,65,135,45
478,Froslass,4,Normal,Ice,1.3,26.6,Snow Cloak,480,70,80,70,80,70,110
479,Rotom,4,Normal,Electric,0.3,0.3,Levitate,440,50,50,77,95,77,91
480,Uxie,4,Sub Legendary,Psychic,0.3,0.3,Levitate,580,75,75,130,75,130,95
481,Mesprit,4,Sub Legendary,Psychic,0.3,0.3,Levitate,580,80,105,105,105,105,80
482,Azelf,4,Sub Legendary,Psychic,0.3,0.3,Levitate,580,75,125,70,125,70,115
483,Dialga,4,Legendary,Steel,5.4,683.0,Pressure,680,100,120,120,150,100,90
484,Palkia,4,Legendary,Water,4.2,336.0,Pressure,680,90,120,100,150,120,100
485,Heatran,4,Sub Legendary,Fire,1.7,430.0,Flash Fire,600,91,90,106,130,106,77
486,Regigigas,4,Sub Legendary,Normal,3.7,420.0,Slow Start,670,110,160,110,80,110,100
487,Giratina Altered Forme,4,Legendary,Ghost,4.5,750.0,Pressure,680,150,100,120,100,120,90
488,Cresselia,4,Sub Legendary,Psychic,1.5,85.6,Levitate,600,120,70,120,75,130,85
489,Phione,4,Mythical,Water,0.4,3.1,Hydration,480,80,80,80,80,80,80
490,Manaphy,4,Mythical,Water,0.3,1.4,Hydration,600,100,100,100,100,100,100
491,Darkrai,4,Mythical,Dark,1.5,50.5,Bad Dreams,600,70,90,90,135,90,125
492,Shaymin Land Forme,4,Mythical,Grass,0.2,2.1,Natural Cure,600,100,100,100,100,100,100
493,Arceus,4,Mythical,Normal,3.2,320.0,Multitype,720,120,120,120,120,120,120
494,Victini,5,Mythical,Psychic,0.4,4.0,Victory Star,600,100,100,100,100,100,100
495,Snivy,5,Normal,Grass,0.6,8.1,Overgrow,308,45,45,55,45,55,63
496,Servine,5,Normal,Grass,0.8,16.0,Overgrow,413,60,60,75,60,75,83
497,Serperior,5,Normal,Grass,3.3,63.0,Overgrow,528,75,75,95,75,95,113
498,Tepig,5,Normal,Fire,0.5,9.9,Blaze,308,65,63,45,45,45,45
499,Pignite,5,Normal,Fire,1.0,55.5,Blaze,418,90,93,55,70,55,55
500,Emboar,5,Normal,Fire,1.6,150.0,Blaze,528,110,123,65,100,65,65
501,Oshawott,5,Normal,Water,0.5,5.9,Torrent,308,55,55,45,63,45,45
502,Dewott,5,Normal,Water,0.8,24.5,Torrent,413,75,75,60,83,60,60
503,Samurott,5,Normal,Water,1.5,94.6,Torrent,528,95,100,85,108,70,70
504,Patrat,5,Normal,Normal,0.5,11.6,Run Away,255,45,55,39,35,39,42
505,Watchog,5,Normal,Normal,1.1,27.0,Illuminate,420,60,85,69,60,69,77
506,Lillipup,5,Normal,Normal,0.4,4.1,Vital Spirit,275,45,60,45,25,45,55
507,Herdier,5,Normal,Normal,0.9,14.7,Intimidate,370,65,80,65,35,65,60
508,Stoutland,5,Normal,Normal,1.2,61.0,Intimidate,500,85,110,90,45,90,80
509,Purrloin,5,Normal,Dark,0.4,10.1,Limber,281,41,50,37,50,37,66
510,Liepard,5,Normal,Dark,1.1,37.5,Limber,446,64,88,50,88,50,106
511,Pansage,5,Normal,Grass,0.6,10.5,Gluttony,316,50,53,48,53,48,64
512,Simisage,5,Normal,Grass,1.1,30.5,Gluttony,498,75,98,63,98,63,101
513,Pansear,5,Normal,Fire,0.6,11.0,Gluttony,316,50,53,48,53,48,64
514,Simisear,5,Normal,Fire,1.0,28.0,Gluttony,498,75,98,63,98,63,101
515,Panpour,5,Normal,Water,0.6,13.5,Gluttony,316,50,53,48,53,48,64
516,Simipour,5,Normal,Water,1.0,29.0,Gluttony,498,75,98,63,98,63,101
517,Munna,5,Normal,Psychic,0.6,23.3,Forewarn,292,76,25,45,67,55,24
518,Musharna,5,Normal,Psychic,1.1,60.5,Forewarn,487,116,55,85,107,95,29
519,Pidove,5,Normal,Normal,0.3,2.1,Big Pecks,264,50,55,50,36,30,43
520,Tranquill,5,Normal,Normal,0.6,15.0,Big Pecks,358,62,77,62,50,42,65
521,Unfezant,5,Normal,Normal,1.2,29.0,Big Pecks,488,80,115,80,65,55,93
522,Blitzle,5,Normal,Electric,0.8,29.8,Lightning Rod,295,45,60,32,50,32,76
523,Zebstrika,5,Normal,Electric,1.6,79.5,Lightning Rod,497,75,100,63,80,63,116
524,Roggenrola,5,Normal,Rock,0.4,18.0,Sturdy,280,55,75,85,25,25,15
525,Boldore,5,Normal,Rock,0.9,102.0,Sturdy,390,70,105,105,50,40,20
526,Gigalith,5,Normal,Rock,1.7,260.0,Sturdy,515,85,135,130,60,80,25
527,Woobat,5,Normal,Psychic,0.4,2.1,Unaware,323,65,45,43,55,43,72
528,Swoobat,5,Normal,Psychic,0.9,10.5,Unaware,425,67,57,55,77,55,114
529,Drilbur,5,Normal,Ground,0.3,8.5,Sand Rush,328,60,85,40,30,45,68
530,Excadrill,5,Normal,Ground,0.7,40.4,Sand Rush,508,110,135,60,50,65,88
531,Audino,5,Normal,Normal,1.1,31.0,Healer,445,103,60,86,60,86,50
532,Timburr,5,Normal,Fighting,0.6,12.5,Guts,305,75,80,55,25,35,35
533,Gurdurr,5,Normal,Fighting,1.2,40.0,Guts,405,85,105,85,40,50,40
534,Conkeldurr,5,Normal,Fighting,1.4,87.0,Guts,505,105,140,95,55,65,45
535,Tympole,5,Normal,Water,0.5,4.5,Swift Swim,294,50,50,40,50,40,64
536,Palpitoad,5,Normal,Water,0.8,17.0,Swift Swim,384,75,65,55,65,55,69
537,Seismitoad,5,Normal,Water,1.5,62.0,Swift Swim,509,105,95,75,85,75,74
538,Throh,5,Normal,Fighting,1.3,55.5,Guts,465,120,100,85,30,85,45
539,Sawk,5,Normal,Fighting,1.4,51.0,Sturdy,465,75,125,75,30,75,85
540,Sewaddle,5,Normal,Bug,0.3,2.5,Swarm,310,45,53,70,40,60,42
541,Swadloon,5,Normal,Bug,0.5,7.3,Leaf Guard,380,55,63,90,50,80,42
542,Leavanny,5,Normal,Bug,1.2,20.5,Swarm,500,75,103,80,70,80,92
543,Venipede,5,Normal,Bug,0.4,5.3,Poison Point,260,30,45,59,30,39,57
544,Whirlipede,5,Normal,Bug,1.2,58.5,Poison Point,360,40,55,99,40,79,47
545,Scolipede,5,Normal,Bug,2.5,200.5,Poison Point,485,60,100,89,55,69,112
546,Cottonee,5,Normal,Grass,0.3,0.6,Prankster,280,40,27,60,37,50,66
547,Whimsicott,5,Normal,Grass,0.7,6.6,Prankster,480,60,67,85,77,75,116
548,Petilil,5,Normal,Grass,0.5,6.6,Chlorophyll,280,45,35,50,70,50,30
549,Lilligant,5,Normal,Grass,1.1,16.3,Chlorophyll,480,70,60,75,110,75,90
550,Basculin Red-Striped Form,5,Normal,Water,1.0,18.0,Reckless,460,70,92,65,80,55,98
551,Sandile,5,Normal,Ground,0.7,15.2,Intimidate,292,50,72,35,35,35,65
552,Krokorok,5,Normal,Ground,1.0,33.4,Intimidate,351,60,82,45,45,45,74
553,Krookodile,5,Normal,Ground,1.5,96.3,Intimidate,519,95,117,80,65,70,92
554,Darumaka,5,Normal,Fire,0.6,37.5,Hustle,315,70,90,45,15,45,50
555,Darmanitan Standard Mode,5,Normal,Fire,1.3,92.9,Sheer Force,480,105,140,55,30,55,95
556,Maractus,5,Normal,Grass,1.0,28.0,Water Absorb,461,75,86,67,106,67,60
557,Dwebble,5,Normal,Bug,0.3,14.5,Sturdy,325,50,65,85,35,35,55
558,Crustle,5,Normal,Bug,1.4,200.0,Sturdy,485,70,105,125,65,75,45
559,Scraggy,5,Normal,Dark,0.6,11.8,Shed Skin,348,50,75,70,35,70,48
560,Scrafty,5,Normal,Dark,1.1,30.0,Shed Skin,488,65,90,115,45,115,58
561,Sigilyph,5,Normal,Psychic,1.4,14.0,Wonder Skin,490,72,58,80,103,80,97
562,Yamask,5,Normal,Ghost,0.5,1.5,Mummy,303,38,30,85,55,65,30
563,Cofagrigus,5,Normal,Ghost,1.7,76.5,Mummy,483,58,50,145,95,105,30
564,Tirtouga,5,Normal,Water,0.7,16.5,Solid Rock,355,54,78,103,53,45,22
565,Carracosta,5,Normal,Water,1.2,81.0,Solid Rock,495,74,108,133,83,65,32
566,Archen,5,Normal,Rock,0.5,9.5,Defeatist,401,55,112,45,74,45,70
567,Archeops,5,Normal,Rock,1.4,32.0,Defeatist,567,75,140,65,112,65,110
568,Trubbish,5,Normal,Poison,0.6,31.0,Stench,329,50,50,62,40,62,65
569,Garbodor,5,Normal,Poison,1.9,107.3,Stench,474,80,95,82,60,82,75
570,Zorua,5,Normal,Dark,0.7,12.5,Illusion,330,40,65,40,80,40,65
571,Zoroark,5,Normal,Dark,1.6,81.1,Illusion,510,60,105,60,120,60,105
572,Minccino,5,Normal,Normal,0.4,5.8,Cute Charm,300,55,50,40,40,40,75
573,Cinccino,5,Normal,Normal,0.5,7.5,Cute Charm,470,75,95,60,65,60,115
574,Gothita,5,Normal,Psychic,0.4,5.8,Frisk,290,45,30,50,55,65,45
575,Gothorita,5,Normal,Psychic,0.7,18.0,Frisk,390,60,45,70,75,85,55
576,Gothitelle,5,Normal,Psychic,1.5,44.0,Frisk,490,70,55,95,95,110,65
577,Solosis,5,Normal,Psychic,0.3,1.0,Overcoat,290,45,30,40,105,50,20
578,Duosion,5,Normal,Psychic,0.6,8.0,Overcoat,370,65,40,50,125,60,30
579,Reuniclus,5,Normal,Psychic,1.0,20.1,Overcoat,490,110,65,75,125,85,30
580,Ducklett,5,Normal,Water,0.5,5.5,Keen Eye,305,62,44,50,44,50,55
581,Swanna,5,Normal,Water,1.3,24.2,Keen Eye,473,75,87,63,87,63,98
582,Vanillite,5,Normal,Ice,0.4,5.7,Ice Body,305,36,50,50,65,60,44
583,Vanillish,5,Normal,Ice,1.1,41.0,Ice Body,395,51,65,65,80,75,59
584,Vanilluxe,5,Normal,Ice,1.3,57.5,Ice Body,535,71,95,85,110,95,79
585,Deerling,5,Normal,Normal,0.6,19.5,Chlorophyll,335,60,60,50,40,50,75
586,Sawsbuck,5,Normal,Normal,1.9,92.5,Chlorophyll,475,80,100,70,60,70,95
587,Emolga,5,Normal,Electric,0.4,5.0,Static,428,55,75,60,75,60,103
588,Karrablast,5,Normal,Bug,0.5,5.9,Swarm,315,50,75,45,40,45,60
589,Escavalier,5,Normal,Bug,1.0,33.0,Swarm,495,70,135,105,60,105,20
590,Foongus,5,Normal,Grass,0.2,1.0,Effect Spore,294,69,55,45,55,55,15
591,Amoonguss,5,Normal,Grass,0.6,10.5,Effect Spore,464,114,85,70,85,80,30
592,Frillish,5,Normal,Water,1.2,33.0,Water Absorb,335,55,40,50,65,85,40
593,Jellicent,5,Normal,Water,2.2,135.0,Water Absorb,480,100,60,70,85,105,60
594,Alomomola,5,Normal,Water,1.2,31.6,Healer,470,165,75,80,40,45,65
595,Joltik,5,Normal,Bug,0.1,0.6,Compound Eyes,319,50,47,50,57,50,65
596,Galvantula,5,Normal,Bug,0.8,14.3,Compound Eyes,472,70,77,60,97,60,108
597,Ferroseed,5,Normal,Grass,0.6,18.8,Iron Barbs,305,44,50,91,24,86,10
598,Ferrothorn,5,Normal,Grass,1.0,110.0,Iron Barbs,489,74,94,131,54,116,20
599,Klink,5,Normal,Steel,0.3,21.0,Plus,300,40,55,70,45,60,30
600,Klang,5,Normal,Steel,0.6,51.0,Plus,440,60,80,95,70,85,50
601,Klinklang,5,Normal,Steel,0.6,81.0,Plus,520,60,100,115,70,85,90
602,Tynamo,5,Normal,Electric,0.2,0.3,Levitate,275,35,55,40,45,40,60
603,Eelektrik,5,Normal,Electric,1.2,22.0,Levitate,405,65,85,70,75,70,40
604,Eelektross,5,Normal,Electric,2.1,80.5,Levitate,515,85,115,80,105,80,50
605,Elgyem,5,Normal,Psychic,0.5,9.0,Telepathy,335,55,55,55,85,55,30
606,Beheeyem,5,Normal,Psychic,1.0,34.5,Telepathy,485,75,75,75,125,95,40
607,Litwick,5,Normal,Ghost,0.3,3.1,Flash Fire,275,50,30,55,65,55,20
608,Lampent,5,Normal,Ghost,0.6,13.0,Flash Fire,370,60,40,60,95,60,55
609,Chandelure,5,Normal,Ghost,1.0,34.3,Flash Fire,520,60,55,90,145,90,80
610,Axew,5,Normal,Dragon,0.6,18.0,Rivalry,320,46,87,60,30,40,57
611,Fraxure,5,Normal,Dragon,1.0,36.0,Rivalry,410,66,117,70,40,50,67
612,Haxorus,5,Normal,Dragon,1.8,105.5,Rivalry,540,76,147,90,60,70,97
613,Cubchoo,5,Normal,Ice,0.5,8.5,Snow Cloak,305,55,70,40,60,40,40
614,Beartic,5,Normal,Ice,2.6,260.0,Snow Cloak,505,95,130,80,70,80,50
615,Cryogonal,5,Normal,Ice,1.1,148.0,Levitate,515,80,50,50,95,135,105
616,Shelmet,5,Normal,Bug,0.4,7.7,Hydration,305,50,40,85,40,65,25
617,Accelgor,5,Normal,Bug,0.8,25.3,Hydration,495,80,70,40,100,60,145
618,Stunfisk,5,Normal,Ground,0.7,11.0,Static,471,109,66,84,81,99,32
619,Mienfoo,5,Normal,Fighting,0.9,20.0,Inner Focus,350,45,85,50,55,50,65
620,Mienshao,5,Normal,Fighting,1.4,35.5,Inner Focus,510,65,125,60,95,60,105
621,Druddigon,5,Normal,Dragon,1.6,139.0,Rough Skin,485,77,120,90,60,90,48
622,Golett,5,Normal,Ground,1.0,92.0,Iron Fist,303,59,74,50,35,50,35
623,Golurk,5,Normal,Ground,2.8,330.0,Iron Fist,483,89,124,80,55,80,55
624,Pawniard,5,Normal,Dark,0.5,10.2,Defiant,340,45,85,70,40,40,60
625,Bisharp,5,Normal,Dark,1.6,70.0,Defiant,490,65,125,100,60,70,70
626,Bouffalant,5,Normal,Normal,1.6,94.6,Reckless,490,95,110,95,40,95,55
627,Rufflet,5,Normal,Normal,0.5,10.5,Keen Eye,350,70,83,50,37,50,60
628,Braviary,5,Normal,Normal,1.5,41.0,Keen Eye,510,100,123,75,57,75,80
629,Vullaby,5,Normal,Dark,0.5,9.0,Big Pecks,370,70,55,75,45,65,60
630,Mandibuzz,5,Normal,Dark,1.2,39.5,Big Pecks,510,110,65,105,55,95,80
631,Heatmor,5,Normal,Fire,1.4,58.0,Gluttony,484,85,97,66,105,66,65
632,Durant,5,Normal,Bug,0.3,33.0,Swarm,484,58,109,112,48,48,109
633,Deino,5,Normal,Dark,0.8,17.3,Hustle,300,52,65,50,45,50,38
634,Zweilous,5,Normal,Dark,1.4,50.0,Hustle,420,72,85,70,65,70,58
635,Hydreigon,5,Normal,Dark,1.8,160.0,Levitate,600,92,105,90,125,90,98
636,Larvesta,5,Normal,Bug,1.1,28.8,Flame Body,360,55,85,55,50,55,60
637,Volcarona,5,Normal,Bug,1.6,46.0,Flame Body,550,85,60,65,135,105,100
638,Cobalion,5,Sub Legendary,Steel,2.1,250.0,Justified,580,91,90,129,90,72,108
639,Terrakion,5,Sub Legendary,Rock,1.9,260.0,Justified,580,91,129,90,72,90,108
640,Virizion,5,Sub Legendary,Grass,2.0,200.0,Justified,580,91,90,72,90,129,108
641,Tornadus Incarnate Forme,5,Sub Legendary,Flying,1.5,63.0,Prankster,580,79,115,70,125,80,111
642,Thundurus Incarnate Forme,5,Sub Legendary,Electric,1.5,61.0,Prankster,580,79,115,70,125,80,111
643,Reshiram,5,Legendary,Dragon,3.2,330.0,Turboblaze,680,100,120,100,150,120,90
644,Zekrom,5,Legendary,Dragon,2.9,345.0,Teravolt,680,100,150,120,120,100,90
645,Landorus Incarnate Forme,5,Sub Legendary,Ground,1.5,68.0,Sand Force,600,89,125,90,115,80,101
646,Kyurem,5,Legendary,Dragon,3.0,325.0,Pressure,660,125,130,90,130,90,95
647,Keldeo Ordinary Forme,5,Mythical,Water,1.4,48.5,Justified,580,91,72,90,129,90,108
648,Meloetta Aria Forme,5,Mythical,Normal,0.6,6.5,Serene Grace,600,100,77,77,128,128,90
649,Genesect,5,Mythical,Bug,1.5,82.5,Download,600,71,120,95,120,95,99
650,Chespin,6,Normal,Grass,0.4,9.0,Overgrow,313,56,61,65,48,45,38
651,Quilladin,6,Normal,Grass,0.7,29.0,Overgrow,405,61,78,95,56,58,57
652,Chesnaught,6,Normal,Grass,1.6,90.0,Overgrow,530,88,107,122,74,75,64
653,Fennekin,6,Normal,Fire,0.4,9.4,Blaze,307,40,45,40,62,60,60
654,Braixen,6,Normal,Fire,1.0,14.5,Blaze,409,59,59,58,90,70,73
655,Delphox,6,Normal,Fire,1.5,39.0,Blaze,534,75,69,72,114,100,104
656,Froakie,6,Normal,Water,0.3,7.0,Torrent,314,41,56,40,62,44,71
657,Frogadier,6,Normal,Water,0.6,10.9,Torrent,405,54,63,52,83,56,97
658,Greninja,6,Normal,Water,1.5,40.0,Torrent,530,72,95,67,103,71,122
659,Bunnelby,6,Normal,Normal,0.4,5.0,Pickup,237,38,36,38,32,36,57
660,Diggersby,6,Normal,Normal,1.0,42.4,Pickup,423,85,56,77,50,77,78
661,Fletchling,6,Normal,Normal,0.3,1.7,Big Pecks,278,45,50,43,40,38,62
662,Fletchinder,6,Normal,Fire,0.7,16.0,Flame Body,382,62,73,55,56,52,84
663,Talonflame,6,Normal,Fire,1.2,24.5,Flame Body,499,78,81,71,74,69,126
664,Scatterbug,6,Normal,Bug,0.3,2.5,Shield Dust,200,38,35,40,27,25,35
665,Spewpa,6,Normal,Bug,0.3,8.4,Shed Skin,213,45,22,60,27,30,29
666,Vivillon,6,Normal,Bug,1.2,17.0,Shield Dust,411,80,52,50,90,50,89
667,Litleo,6,Normal,Fire,0.6,13.5,Rivalry,369,62,50,58,73,54,72
668,Pyroar,6,Normal,Fire,1.5,81.5,Rivalry,507,86,68,72,109,66,106
669,Flabébé,6,Normal,Fairy,0.1,0.1,Flower Veil,303,44,38,39,61,79,42
670,Floette,6,Normal,Fairy,0.2,0.9,Flower Veil,371,54,45,47,75,98,52
671,Florges,6,Normal,Fairy,1.1,10.0,Flower Veil,552,78,65,68,112,154,75
672,Skiddo,6,Normal,Grass,0.9,31.0,Sap Sipper,350,66,65,48,62,57,52
673,Gogoat,6,Normal,Grass,1.7,91.0,Sap Sipper,531,123,100,62,97,81,68
674,Pancham,6,Normal,Fighting,0.6,8.0,Iron Fist,348,67,82,62,46,48,43
675,Pangoro,6,Normal,Fighting,2.1,136.0,Iron Fist,495,95,124,78,69,71,58
676,Furfrou,6,Normal,Normal,1.2,28.0,Fur Coat,472,75,80,60,65,90,102
677,Espurr,6,Normal,Psychic,0.3,3.5,Keen Eye,355,62,48,54,63,60,68
678,Meowstic Male,6,Normal,Psychic,0.6,8.5,Keen Eye,466,74,48,76,83,81,104
679,Honedge,6,Normal,Steel,0.8,2.0,No Guard,325,45,80,100,35,37,28
680,Doublade,6,Normal,Steel,0.8,4.5,No Guard,448,59,110,150,45,49,35
681,Aegislash Blade Forme,6,Normal,Steel,1.7,53.0,Stance Change,520,60,150,50,150,50,60
682,Spritzee,6,Normal,Fairy,0.2,0.5,Healer,341,78,52,60,63,65,23
683,Aromatisse,6,Normal,Fairy,0.8,15.5,Healer,462,101,72,72,99,89,29
684,Swirlix,6,Normal,Fairy,0.4,3.5,Sweet Veil,341,62,48,66,59,57,49
685,Slurpuff,6,Normal,Fairy,0.8,5.0,Sweet Veil,480,82,80,86,85,75,72
686,Inkay,6,Normal,Dark,0.4,3.5,Contrary,288,53,54,53,37,46,45
687,Malamar,6,Normal,Dark,1.5,47.0,Contrary,482,86,92,88,68,75,73
688,Binacle,6,Normal,Rock,0.5,31.0,Sniper,306,42,52,67,39,56,50
689,Barbaracle,6,Normal,Rock,1.3,96.0,Sniper,500,72,105,115,54,86,68
690,Skrelp,6,Normal,Poison,0.5,7.3,Poison Point,320,50,60,60,60,60,30
691,Dragalge,6,Normal,Poison,1.8,81.5,Poison Point,494,65,75,90,97,123,44
692,Clauncher,6,Normal,Water,0.5,8.3,Mega Launcher,330,50,53,62,58,63,44
693,Clawitzer,6,Normal,Water,1.3,35.3,Mega Launcher,500,71,73,88,120,89,59
694,Helioptile,6,Normal,Electric,0.5,6.0,Dry Skin,289,44,38,33,61,43,70
695,Heliolisk,6,Normal,Electric,1.0,21.0,Dry Skin,481,62,55,52,109,94,109
696,Tyrunt,6,Normal,Rock,0.8,26.0,Strong Jaw,362,58,89,77,45,45,48
697,Tyrantrum,6,Normal,Rock,2.5,270.0,Strong Jaw,521,82,121,119,69,59,71
698,Amaura,6,Normal,Rock,1.3,25.2,Refrigerate,362,77,59,50,67,63,46
699,Aurorus,6,Normal,Rock,2.7,225.0,Refrigerate,521,123,77,72,99,92,58
700,Sylveon,6,Normal,Fairy,1.0,23.5,Cute Charm,525,95,65,65,110,130,60
701,Hawlucha,6,Normal,Fighting,0.8,21.5,Limber,500,78,92,75,74,63,118
702,Dedenne,6,Normal,Electric,0.2,2.2,Cheek Pouch,431,67,58,57,81,67,101
703,Carbink,6,Normal,Rock,0.3,5.7,Clear Body,500,50,50,150,50,150,50
704,Goomy,6,Normal,Dragon,0.3,2.8,Sap Sipper,300,45,50,35,55,75,40
705,Sliggoo,6,Normal,Dragon,0.8,17.5,Sap Sipper,452,68,75,53,83,113,60
706,Goodra,6,Normal,Dragon,2.0,150.5,Sap Sipper,600,90,100,70,110,150,80
707,Klefki,6,Normal,Steel,0.2,3.0,Prankster,470,57,80,91,80,87,75
708,Phantump,6,Normal,Ghost,0.4,7.0,Natural Cure,309,43,70,48,50,60,38
709,Trevenant,6,Normal,Ghost,1.5,71.0,Natural Cure,474,85,110,76,65,82,56
710,Pumpkaboo Average Size,6,Normal,Ghost,0.4,5.0,Pickup,335,49,66,70,44,55,51
711,Gourgeist Average Size,6,Normal,Ghost,0.9,12.5,Pickup,494,65,90,122,58,75,84
712,Bergmite,6,Normal,Ice,1.0,99.5,Own Tempo,304,55,69,85,32,35,28
713,Avalugg,6,Normal,Ice,2.0,505.0,Own Tempo,514,95,117,184,44,46,28
714,Noibat,6,Normal,Flying,0.5,8.0,Frisk,245,40,30,35,45,40,55
715,Noivern,6,Normal,Flying,1.5,85.0,Frisk,535,85,70,80,97,80,123
716,Xerneas,6,Legendary,Fairy,3.0,215.0,Fairy Aura,680,126,131,95,131,98,99
717,Yveltal,6,Legendary,Dark,5.8,203.0,Dark Aura,680,126,131,95,131,98,99
718,Zygarde 50% Forme,6,Legendary,Dragon,5.0,305.0,Aura Break,600,108,100,121,81,95,95
719,Diancie,6,Mythical,Rock,0.7,8.8,Clear Body,600,50,100,150,100,150,50
720,Hoopa Hoopa Confined,6,Mythical,Psychic,0.5,9.0,Magician,600,80,110,60,150,130,70
721,Volcanion,6,Mythical,Fire,1.7,195.0,Water Absorb,600,80,110,120,130,90,70
722,Rowlet,7,Normal,Grass,0.3,1.5,Overgrow,320,68,55,55,50,50,42
723,Dartrix,7,Normal,Grass,0.7,16.0,Overgrow,420,78,75,75,70,70,52
724,Decidueye,7,Normal,Grass,1.6,36.6,Overgrow,530,78,107,75,100,100,70
725,Litten,7,Normal,Fire,0.4,4.3,Blaze,320,45,65,40,60,40,70
726,Torracat,7,Normal,Fire,0.7,25.0,Blaze,420,65,85,50,80,50,90
727,Incineroar,7,Normal,Fire,1.8,83.0,Blaze,530,95,115,90,80,90,60
728,Popplio,7,Normal,Water,0.4,7.5,Torrent,320,50,54,54,66,56,40
729,Brionne,7,Normal,Water,0.6,17.5,Torrent,420,60,69,69,91,81,50
730,Primarina,7,Normal,Water,1.8,44.0,Torrent,530,80,74,74,126,116,60
731,Pikipek,7,Normal,Normal,0.3,1.2,Keen Eye,265,35,75,30,30,30,65
732,Trumbeak,7,Normal,Normal,0.6,14.8,Keen Eye,355,55,85,50,40,50,75
733,Toucannon,7,Normal,Normal,1.1,26.0,Keen Eye,485,80,120,75,75,75,60
734,Yungoos,7,Normal,Normal,0.4,6.0,Strong Jaw,253,48,70,30,30,30,45
735,Gumshoos,7,Normal,Normal,0.7,14.2,Strong Jaw,418,88,110,60,55,60,45
736,Grubbin,7,Normal,Bug,0.4,4.4,Swarm,300,47,62,45,55,45,46
737,Charjabug,7,Normal,Bug,0.5,10.5,Battery,400,57,82,95,55,75,36
738,Vikavolt,7,Normal,Bug,1.5,45.0,Levitate,500,77,70,90,145,75,43
739,Crabrawler,7,Normal,Fighting,0.6,7.0,Hyper Cutter,338,47,82,57,42,47,63
740,Crabominable,7,Normal,Fighting,1.7,180.0,Hyper Cutter,478,97,132,77,62,67,43
741,Oricorio Baile Style,7,Normal,Fire,0.6,3.4,Dancer,476,75,70,70,98,70,93
742,Cutiefly,7,Normal,Bug,0.1,0.2,Honey Gather,304,40,45,40,55,40,84
743,Ribombee,7,Normal,Bug,0.2,0.5,Honey Gather,464,60,55,60,95,70,124
744,Rockruff,7,Normal,Rock,0.5,9.2,Keen Eye,280,45,65,40,30,40,60
745,Lycanroc Midday Form,7,Normal,Rock,0.8,25.0,Keen Eye,487,75,115,65,55,65,112
746,Wishiwashi Solo Form,7,Normal,Water,0.2,0.3,Schooling,175,45,20,20,25,25,40
747,Mareanie,7,Normal,Poison,0.4,8.0,Merciless,305,50,53,62,43,52,45
748,Toxapex,7,Normal,Poison,0.7,14.5,Merciless,495,50,63,152,53,142,35
749,Mudbray,7,Normal,Ground,1.0,110.0,Own Tempo,385,70,100,70,45,55,45
750,Mudsdale,7,Normal,Ground,2.5,920.0,Own Tempo,500,100,125,100,55,85,35
751,Dewpider,7,Normal,Water,0.3,4.0,Water Bubble,269,38,40,52,40,72,27
752,Araquanid,7,Normal,Water,1.8,82.0,Water Bubble,454,68,70,92,50,132,42
753,Fomantis,7,Normal,Grass,0.3,1.5,Leaf Guard,250,40,55,35,50,35,35
754,Lurantis,7,Normal,Grass,0.9,18.5,Leaf Guard,480,70,105,90,80,90,45
755,Morelull,7,Normal,Grass,0.2,1.5,Illuminate,285,40,35,55,65,75,15
756,Shiinotic,7,Normal,Grass,1.0,11.5,Illuminate,405,60,45,80,90,100,30
757,Salandit,7,Normal,Poison,0.6,4.8,Corrosion,320,48,44,40,71,40,77
758,Salazzle,7,Normal,Poison,1.2,22.2,Corrosion,480,68,64,60,111,60,117
759,Stufful,7,Normal,Normal,0.5,6.8,Fluffy,340,70,75,50,45,50,50
760,Bewear,7,Normal,Normal,2.1,135.0,Fluffy,500,120,125,80,55,60,60
761,Bounsweet,7,Normal,Grass,0.3,3.2,Leaf Guard,210,42,30,38,30,38,32
762,Steenee,7,Normal,Grass,0.7,8.2,Leaf Guard,290,52,40,48,40,48,62
763,Tsareena,7,Normal,Grass,1.2,21.4,Leaf Guard,510,72,120,98,50,98,72
764,Comfey,7,Normal,Fairy,0.1,0.3,Flower Veil,485,51,52,90,82,110,100
765,Oranguru,7,Normal,Normal,1.5,76.0,Inner Focus,490,90,60,80,90,110,60
766,Passimian,7,Normal,Fighting,2.0,82.8,Receiver,490,100,120,90,40,60,80
767,Wimpod,7,Normal,Bug,0.5,12.0,Wimp Out,230,25,35,40,20,30,80
768,Golisopod,7,Normal,Bug,2.0,108.0,Emergency Exit,530,75,125,140,60,90,40
769,Sandygast,7,Normal,Ghost,0.5,70.0,Water Compaction,320,55,55,80,70,45,15
770,Palossand,7,Normal,Ghost,1.3,250.0,Water Compaction,480,85,75,110,100,75,35
771,Pyukumuku,7,Normal,Water,0.3,1.2,Innards Out,410,55,60,130,30,130,5
772,Type: Null,7,Sub Legendary,Normal,1.9,120.5,Battle Armor,534,95,95,95,95,95,59
773,Silvally,7,Sub Legendary,Normal,2.3,100.5,RKS System,570,95,95,95,95,95,95
774,Minior Meteor Form,7,Normal,Rock,0.3,40.0,Shields Down,440,60,60,100,60,100,60
775,Komala,7,Normal,Normal,0.4,19.9,Comatose,480,65,115,65,75,95,65
776,Turtonator,7,Normal,Fire,2.0,212.0,Shell Armor,485,60,78,135,91,85,36
777,Togedemaru,7,Normal,Electric,0.3,3.3,Iron Barbs,435,65,98,63,40,73,96
778,Mimikyu,7,Normal,Ghost,0.2,0.7,Disguise,476,55,90,80,50,105,96
779,Bruxish,7,Normal,Water,0.9,19.0,Dazzling,475,68,105,70,70,70,92
780,Drampa,7,Normal,Normal,3.0,185.0,Berserk,485,78,60,85,135,91,36
781,Dhelmise,7,Normal,Ghost,3.9,210.0,Steelworker,517,70,131,100,86,90,40
782,Jangmo-o,7,Normal,Dragon,0.6,29.7,Bulletproof,300,45,55,65,45,45,45
783,Hakamo-o,7,Normal,Dragon,1.2,47.0,Bulletproof,420,55,75,90,65,70,65
784,Kommo-o,7,Normal,Dragon,1.6,78.2,Bulletproof,600,75,110,125,100,105,85
785,Tapu Koko,7,Sub Legendary,Electric,1.8,20.5,Electric Surge,570,70,115,85,95,75,130
786,Tapu Lele,7,Sub Legendary,Psychic,1.2,18.6,Psychic Surge,570,70,85,75,130,115,95
787,Tapu Bulu,7,Sub Legendary,Grass,1.9,45.5,Grassy Surge,570,70,130,115,85,95,75
788,Tapu Fini,7,Sub Legendary,Water,1.3,21.2,Misty Surge,570,70,75,115,95,130,85
789,Cosmog,7,Legendary,Psychic,0.2,0.1,Unaware,200,43,29,31,29,31,37
790,Cosmoem,7,Legendary,Psychic,0.1,999.9,Sturdy,400,43,29,131,29,131,37
791,Solgaleo,7,Legendary,Psychic,3.4,230.0,Full Metal Body,680,137,137,107,113,89,97
792,Lunala,7,Legendary,Psychic,4.0,120.0,Shadow Shield,680,137,113,89,137,107,97
793,Nihilego,7,Sub Legendary,Rock,1.2,55.5,Beast Boost,570,109,53,47,127,131,103
794,Buzzwole,7,Sub Legendary,Bug,2.4,333.6,Beast Boost,570,107,139,139,53,53,79
795,Pheromosa,7,Sub Legendary,Bug,1.8,25.0,Beast Boost,570,71,137,37,137,37,151
796,Xurkitree,7,Sub Legendary,Electric,3.8,100.0,Beast Boost,570,83,89,71,173,71,83
797,Celesteela,7,Sub Legendary,Steel,9.2,999.9,Beast Boost,570,97,101,103,107,101,61
798,Kartana,7,Sub Legendary,Grass,0.3,0.1,Beast Boost,570,59,181,131,59,31,109
799,Guzzlord,7,Sub Legendary,Dark,5.5,888.0,Beast Boost,570,223,101,53,97,53,43
800,Necrozma,7,Legendary,Psychic,2.4,230.0,Prism Armor,600,97,107,101,127,89,79
801,Magearna,7,Mythical,Steel,1.0,80.5,Soul-Heart,600,80,95,115,130,115,65
802,Marshadow,7,Mythical,Fighting,0.7,22.2,Technician,600,90,125,80,90,90,125
803,Poipole,7,Sub Legendary,Poison,0.6,1.8,Beast Boost,420,67,73,67,73,67,73
804,Naganadel,7,Sub Legendary,Poison,3.6,150.0,Beast Boost,540,73,73,73,127,73,121
805,Stakataka,7,Sub Legendary,Rock,5.5,820.0,Beast Boost,570,61,131,211,53,101,13
806,Blacephalon,7,Sub Legendary,Fire,1.8,13.0,Beast Boost,570,53,127,53,151,79,107
807,Zeraora,7,Mythical,Electric,1.5,44.5,Volt Absorb,600,88,112,75,102,80,143
808,Meltan,7,Mythical,Steel,0.2,8.0,Magnet Pull,300,46,65,65,55,35,34
809,Melmetal,7,Mythical,Steel,2.5,800.0,Iron Fist,600,135,143,143,80,65,34
810,Grookey,8,Normal,Grass,0.3,5.0,Overgrow,310,50,65,50,40,40,65
811,Thwackey,8,Normal,Grass,0.7,14.0,Overgrow,420,70,85,70,55,60,80
812,Rillaboom,8,Normal,Grass,2.1,90.0,Overgrow,530,100,125,90,60,70,85
813,Scorbunny,8,Normal,Fire,0.3,4.5,Blaze,310,50,71,40,40,40,69
814,Raboot,8,Normal,Fire,0.6,9.0,Blaze,420,65,86,60,55,60,94
815,Cinderace,8,Normal,Fire,1.4,33.0,Blaze,530,80,116,75,65,75,119
816,Sobble,8,Normal,Water,0.3,4.0,Torrent,310,50,40,40,70,40,70
817,Drizzile,8,Normal,Water,0.7,11.5,Torrent,420,65,60,55,95,55,90
818,Inteleon,8,Normal,Water,1.9,45.2,Torrent,530,70,85,65,125,65,120
819,Skwovet,8,Normal,Normal,0.3,2.5,Cheek Pouch,275,70,55,55,35,35,25
820,Greedent,8,Normal,Normal,0.6,6.0,Cheek Pouch,460,120,95,95,55,75,20
821,Rookidee,8,Normal,Flying,0.2,1.8,Keen Eye,245,38,47,35,33,35,57
822,Corvisquire,8,Normal,Flying,0.8,16.0,Keen Eye,365,68,67,55,43,55,77
823,Corviknight,8,Normal,Flying,2.2,75.0,Pressure,495,98,87,105,53,85,67
824,Blipbug,8,Normal,Bug,0.4,8.0,Swarm,180,25,20,20,25,45,45
825,Dottler,8,Normal,Bug,0.4,19.5,Swarm,335,50,35,80,50,90,30
826,Orbeetle,8,Normal,Bug,0.4,40.8,Swarm,505,60,45,110,80,120,90
827,Nickit,8,Normal,Dark,0.6,8.9,Run Away,245,40,28,28,47,52,50
828,Thievul,8,Normal,Dark,1.2,19.9,Run Away,455,70,58,58,87,92,90
829,Gossifleur,8,Normal,Grass,0.4,2.2,Cotton Down,250,40,40,60,40,60,10
830,Eldegoss,8,Normal,Grass,0.5,2.5,Cotton Down,460,60,50,90,80,120,60
831,Wooloo,8,Normal,Normal,0.6,6.0,Fluffy,270,42,40,55,40,45,48
832,Dubwool,8,Normal,Normal,1.3,43.0,Fluffy,490,72,80,100,60,90,88
833,Chewtle,8,Normal,Water,0.3,8.5,Strong Jaw,284,50,64,50,38,38,44
834,Drednaw,8,Normal,Water,1.0,115.5,Strong Jaw,485,90,115,90,48,68,74
835,Yamper,8,Normal,Electric,0.3,13.5,Ball Fetch,270,59,45,50,40,50,26
836,Boltund,8,Normal,Electric,1.0,34.0,Strong Jaw,490,69,90,60,90,60,121
837,Rolycoly,8,Normal,Rock,0.3,12.0,Steam Engine,240,30,40,50,40,50,30
838,Carkol,8,Normal,Rock,1.1,78.0,Steam Engine,410,80,60,90,60,70,50
839,Coalossal,8,Normal,Rock,2.8,310.5,Steam Engine,510,110,80,120,80,90,30
840,Applin,8,Normal,Grass,0.2,0.5,Ripen,260,40,40,80,40,40,20
841,Flapple,8,Normal,Grass,0.3,1.0,Ripen,485,70,110,80,95,60,70
842,Appletun,8,Normal,Grass,0.4,13.0,Ripen,485,110,85,80,100,80,30
843,Silicobra,8,Normal,Ground,2.2,7.6,Sand Spit,315,52,57,75,35,50,46
844,Sandaconda,8,Normal,Ground,3.8,65.5,Sand Spit,510,72,107,125,65,70,71
845,Cramorant,8,Normal,Flying,0.8,18.0,Gulp Missile,475,70,85,55,85,95,85
846,Arrokuda,8,Normal,Water,0.5,1.0,Swift Swim,280,41,63,40,40,30,66
847,Barraskewda,8,Normal,Water,1.3,30.0,Swift Swim,490,61,123,60,60,50,136
848,Toxel,8,Normal,Electric,0.4,11.0,Rattled,242,40,38,35,54,35,40
849,Toxtricity Low Key Form,8,Normal,Electric,1.6,40.0,Punk Rock,502,75,98,70,114,70,75
850,Sizzlipede,8,Normal,Fire,0.7,1.0,Flash Fire,305,50,65,45,50,50,45
851,Centiskorch,8,Normal,Fire,3.0,120.0,Flash Fire,525,100,115,65,90,90,65
852,Clobbopus,8,Normal,Fighting,0.6,4.0,Limber,310,50,68,60,50,50,32
853,Grapploct,8,Normal,Fighting,1.6,39.0,Limber,480,80,118,90,70,80,42
854,Sinistea,8,Normal,Ghost,0.1,0.2,Weak Armor,308,40,45,45,74,54,50
855,Polteageist,8,Normal,Ghost,0.2,0.4,Weak Armor,508,60,65,65,134,114,70
856,Hatenna,8,Normal,Psychic,0.4,3.4,Healer,265,42,30,45,56,53,39
857,Hattrem,8,Normal,Psychic,0.6,4.8,Healer,370,57,40,65,86,73,49
858,Hatterene,8,Normal,Psychic,2.1,5.0,Healer,510,57,90,95,136,103,29
859,Impidimp,8,Normal,Dark,0.4,5.5,Prankster,265,45,45,30,55,40,50
860,Morgrem,8,Normal,Dark,0.8,12.5,Prankster,370,65,60,45,75,55,70
861,Grimmsnarl,8,Normal,Dark,1.5,61.0,Prankster,510,95,120,65,95,75,60
862,Obstagoon,8,Normal,Dark,1.6,46.0,Reckless,520,93,90,101,60,81,95
863,Perrserker,8,Normal,Steel,0.8,28.0,Battle Armor,440,70,110,100,50,60,50
864,Cursola,8,Normal,Ghost,1.0,0.4,Weak Armor,510,60,95,50,145,130,30
865,Sirfetch'd,8,Normal,Fighting,0.8,117.0,Steadfast,507,62,135,95,68,82,65
866,Mr. Rime,8,Normal,Psychic,1.5,58.2,Tangled Feet,520,80,85,75,110,100,70
867,Runerigus,8,Normal,Ground,1.6,66.6,Wandering Spirit,483,58,95,145,50,105,30
868,Milcery,8,Normal,Fairy,0.2,0.3,Sweet Veil,270,45,40,40,50,61,34
869,Alcremie,8,Normal,Fairy,0.3,0.5,Sweet Veil,495,65,60,75,110,121,64
870,Falinks,8,Normal,Fighting,3.0,62.0,Battle Armor,470,65,100,100,70,60,75
871,Pincurchin,8,Normal,Electric,0.3,1.0,Lightning Rod,435,48,101,95,91,85,15
872,Snom,8,Normal,Ice,0.3,3.8,Shield Dust,185,30,25,35,45,30,20
873,Frosmoth,8,Normal,Ice,1.3,42.0,Shield Dust,475,70,65,60,125,90,65
874,Stonjourner,8,Normal,Rock,2.5,520.0,Power Spot,470,100,125,135,20,20,70
875,Eiscue Ice Face,8,Normal,Ice,1.4,89.0,Ice Face,470,75,80,110,65,90,50
876,Indeedee Male,8,Normal,Psychic,0.9,28.0,Inner Focus,475,60,65,55,105,95,95
877,Morpeko Full Belly Mode,8,Normal,Electric,0.3,3.0,Hunger Switch,436,58,95,58,70,58,97
878,Cufant,8,Normal,Steel,1.2,100.0,Sheer Force,330,72,80,49,40,49,40
879,Copperajah,8,Normal,Steel,3.0,650.0,Sheer Force,500,122,130,69,80,69,30
880,Dracozolt,8,Normal,Electric,1.8,190.0,Volt Absorb,505,90,100,90,80,70,75
881,Arctozolt,8,Normal,Electric,2.3,150.0,Volt Absorb,505,90,100,90,90,80,55
882,Dracovish,8,Normal,Water,2.3,215.0,Water Absorb,505,90,90,100,70,80,75
883,Arctovish,8,Normal,Water,2.0,175.0,Water Absorb,505,90,90,100,80,90,55
884,Duraludon,8,Normal,Steel,1.8,40.0,Light Metal,535,70,95,115,120,50,85
885,Dreepy,8,Normal,Dragon,0.5,2.0,Clear Body,270,28,60,30,40,30,82
886,Drakloak,8,Normal,Dragon,1.4,11.0,Clear Body,410,68,80,50,60,50,102
887,Dragapult,8,Normal,Dragon,3.0,50.0,Clear Body,600,88,120,75,100,75,142
888,Zacian Crowned Sword,8,Legendary,Fairy,2.8,355.0,Intrepid Sword,720,92,170,115,80,115,148
889,Zamazenta Crowned Shield,8,Legendary,Fighting,2.9,785.0,Dauntless Shield,720,92,130,145,80,145,128
890,Eternatus,8,Legendary,Poison,20.0,950.0,Pressure,690,140,85,95,145,95,130
891,Kubfu,8,Sub Legendary,Fighting,0.6,12.0,Inner Focus,385,60,90,60,53,50,72
892,Urshifu Single Strike Style,8,Sub Legendary,Fighting,1.9,105.0,Unseen Fist,550,100,130,100,63,60,97
893,Zarude,8,Mythical,Dark,1.8,70.0,Leaf Guard,600,105,120,105,70,95,105
894,Regieleki,8,Sub Legendary,Electric,1.2,145.0,Transistor,580,80,100,50,100,50,200
895,Regidrago,8,Sub Legendary,Dragon,2.1,200.0,Dragon‘s Maw,580,200,100,50,100,50,80
896,Glastrier,8,Sub Legendary,Ice,2.2,800.0,Chilling Neigh,580,100,145,130,65,110,30
897,Spectrier,8,Sub Legendary,Ghost,2.0,44.5,Grim Neigh,580,100,65,60,145,80,130
898,Calyrex,8,Legendary,Psychic,1.1,7.7,Unnerve,500,100,80,80,80,80,80
